1.930175439322356823e+01,1.639505129296579469e+02,1.701668124346333144e+01,-7.105427357601001859e-14,3.007663152543789806e+02,3.864384809915259211e+01,2.445354478174171220e+02,3.552285287592114571e+01,2.486899575160350651e-13,3.804836560927864184e+02,2.075805208851952965e+00,5.228939902395842410e+01,3.856809112934703521e+00,-1.065814103640150279e-14,3.723173531599520203e+01,5.643426354532638101e+01,3.177514730714832467e+02,5.436076544008349032e+01,-1.989519660128280520e-13,1.013803631045074212e+03,3.171434839708782150e+01,1.245429796518400423e+02,2.642770939395959573e+01,9.592326932761352509e-14,1.052431860927716571e+03,3.325028346595345852e+01,2.796310294911565961e+02,1.001969987013493864e+02,1.136868377216160297e-13,3.059493578033014273e+03,3.971303602362538321e+00,3.527406105335472830e+01,3.073120662928680247e+00,2.664535259100375697e-15,1.138683633313015520e+01,2.144314517547213939e+01,1.293135746240407116e+02,2.362617959102547971e+01,6.128431095930864103e-14,1.172779098302527530e+02,6.447422735746602029e+01,3.487338026882101758e+02,6.683030040885930134e+01,-2.984279490192420781e-13,2.470185458669333002e+03,1.111365057127854072e+01,7.648305536247946179e+01,8.351422282428250909e+00,4.085620730620576069e-14,8.158687578604286728e+01,9.232199137388812815e+00,5.188330304334454723e+01,3.066371539711480132e+00,1.332267629550187849e-14,1.944877776323622243e+01,-2.749205729814947929e+00,2.981979228725876396e+01,4.890007647880973707e+01,-9.947598300641402602e-14,1.319414894333175198e+03,1.377974855240293017e+01,1.026149673315000683e+02,1.375815441110454884e+01,4.884981308350688778e-15,6.694175184319944094e+01
2.396956324432879626e+01,1.261734940514517689e+02,2.155204223991325918e+01,1.900701818158267997e-13,3.851057527172864638e+02,1.138611444060917144e+01,5.513925909898158118e+00,-2.180842316077908905e-01,-9.592326932761352509e-14,1.917406004430095834e+02,1.738973610737841824e+01,9.987002352547168016e+01,1.129163921436582285e+01,1.278976924368180335e-13,8.831293636144010861e+01,-7.898182902511052816e-02,1.362688580890991830e+02,1.010671659742132888e+01,2.131628207280300558e-14,1.100584767950949072e+03,2.896618966292335529e+01,3.272392628875763876e+02,2.613580373665104872e+01,-4.689582056016661227e-13,9.659942700987148783e+02,-5.328427817006602396e+00,1.269808825528006508e+02,-9.717324584884952543e+00,5.453415496958768927e-13,1.952150023991423041e+03,1.143087643316471969e+01,7.537770949251608954e+01,1.094579318918589550e+01,-6.217248937900876626e-14,7.045447721976586308e+01,2.318900831317372280e+01,1.518934559999628959e+02,2.611151563537630693e+01,-7.815970093361102045e-14,1.520591759950276867e+02,1.088259986692381531e+01,2.247894453104114234e+02,1.942180513932413177e+01,1.030286966852145270e-13,3.051191691242740944e+03,1.006180483132160042e+01,6.945084114818305920e+01,6.486427817972014509e+00,2.486899575160350651e-14,3.975109355077542972e+01,1.103484781198675435e+01,8.781022343880398751e+01,7.677170669033816175e+00,-1.207922650792170316e-13,4.140417389384264624e+01,6.194310809797999084e+00,1.729346878021808323e+02,1.668898718026431283e+01,1.327826737451687222e-13,5.410587755867618398e+02,6.256636213818754122e+00,5.630118699029888596e+00,1.382325035811134084e+00,2.220446049250313081e-14,5.541598671030862988e+01
4.300298842207831207e+00,2.922612115714429137e-01,4.693027703232211856e+00,4.973799150320701301e-14,1.479696564973550892e+02,7.600929682888602379e+00,3.327761089036818021e+01,1.771754258346019739e+01,2.664535259100375697e-15,4.905756613637289121e+01,4.558622816474615647e+00,3.053677758992657587e+01,6.203735273675889061e+00,1.176836406102665933e-13,1.997979020417291096e+01,-2.698489472202316009e+01,-2.502873919410158692e+02,8.544928074651943817e+00,-5.684341886080801487e-14,1.202269596021521693e+03,3.016296471859019235e+01,1.252164974390683767e+02,5.236911838053713097e+01,7.815970093361102045e-14,2.547244454838572892e+03,1.848292437494632878e+01,2.685919271774146182e+02,-7.231944492876603903e+00,1.989519660128280520e-13,2.223465986605883245e+03,1.027360533934152720e+01,6.258487860403068481e+01,5.621909345174707084e+00,-1.025846074753644643e-13,2.569357489443487097e+01,8.368102794610347672e+00,7.235285394684856897e+01,4.141955073554746569e+00,-8.526512829121202230e-14,4.605703153438012265e+01,-1.731654654816207639e+01,-2.512923036270410648e+02,1.005845295189952182e+01,-1.989519660128280520e-13,2.308059220959230515e+03,1.329760267611549374e+01,6.951439899093091412e+01,9.124056727591511873e+00,-2.836619827917274961e-14,3.581991973800538176e+01,9.644353497236053840e+00,7.899127968612516781e+01,6.797674231343047602e+00,-6.039613253960851580e-14,3.790420307203223160e+01,3.565326954349049338e+00,2.182804796815538495e+01,4.431425730243983452e+00,2.220446049250313081e-15,7.586619936379494611e+00,3.776285697942216135e+00,1.745671327911825088e+01,2.688690410878258330e+00,-1.376676550535194110e-14,1.113600078753674438e+01
6.871860406556436374e+00,3.284864682313956763e+01,3.206458245672251905e+00,4.218847493575594854e-14,6.335531058949866434e+01,6.375286914613592870e+00,5.488230395027526498e+01,8.521264263005397410e+00,-5.861977570020826533e-14,6.337282880842544586e+01,-1.089399163396664649e+00,-2.346489133506349134e+00,2.326519291280388924e+00,7.993605777301127091e-15,1.939656418181997211e+01,-4.209333705039972173e+00,3.112118797632550837e+01,-2.309015611628974085e+01,-8.926193117986258585e-14,1.067911029102191151e+03,-4.649990338530332501e+00,-6.740515523092182093e+01,-1.861672457209149201e+01,-7.425171588693046942e-13,6.336674371372666883e+02,3.345231445360673206e+01,2.598729605085478624e+02,3.697023329038933070e+01,-1.989519660128280520e-13,8.876744976135488514e+02,5.160744500683123626e+00,2.643194462818032875e+01,3.136595359713065800e+00,-2.220446049250313081e-15,1.084443962290722396e+01,8.644510906992199040e+00,6.598923515945200791e+01,1.185774003161522749e+01,-6.217248937900876626e-14,3.216661212916400103e+01,-1.283681134528654955e+00,2.342473850747326196e+02,-1.577131364803924640e+01,-3.259614800299459603e-13,2.307051496208512617e+03,5.835346758683272128e+00,2.262073930113297848e+01,-4.481641437415818663e-01,-1.804112415015879378e-14,1.324900341259736081e+01,5.824984746395595714e+00,3.714486181234050832e+01,4.460426199889053755e+00,-4.440892098500626162e-15,2.241027512593411686e+01,1.092006177023281621e+00,1.888288695162841790e+01,3.365765938742419916e-01,2.220446049250313081e-16,4.336889435335869791e+00,6.315999465829429838e+00,2.129485326741674101e+01,9.113458297212389425e+00,3.108624468950438313e-14,1.165852757106504001e+01
2.370210683883430747e+01,1.458359182121227775e+02,2.588308310141390933e+01,-6.705747068735945504e-14,1.696928157485603776e+02,6.391184546013293222e-01,3.302914373769156242e+01,2.854768657676315513e+01,4.973799150320701301e-14,2.181588521889659660e+02,6.831685053658718587e+00,3.738188250015298308e+01,4.871108616798700552e-01,-5.195843755245732609e-14,1.674306894535042645e+01,7.798772159111373981e+01,3.926184618940242217e+02,7.616331712715501112e+01,-6.199485369506874122e-13,1.500864899058051606e+03,6.805506348143799755e+01,3.724903090623183743e+02,3.511850950382471126e+01,-8.242295734817162156e-13,2.579668604621442228e+03,-9.102308740023249811e+01,-3.675154211927507504e+02,9.986924501096500251e+01,-4.973799150320701301e-14,6.913779561278534857e+03,9.677458822916986669e-01,3.851408074045171492e+00,1.304194369777267326e-02,3.730349362740525976e-14,1.477231824672106519e+01,-1.645444587597497588e+01,-6.727551215523442352e+01,5.419136994029207344e+00,8.437694987151189707e-14,1.635842202727469044e+02,1.357650337265887117e+02,7.693476020157654602e+02,1.348775274183825275e+02,-8.086864511369640240e-13,5.300911808492065575e+03,-3.643026649720495058e+00,-6.228590295931345722e+00,-1.011756485855561216e+00,3.108624468950438313e-15,5.603547047200306253e+01,-2.530856105518029864e+00,-1.989848926782357452e+01,-1.143926038315639993e+00,1.096900348329654662e-13,3.382037854775047947e+01,2.899398396005474776e+00,1.635401470715245509e+01,5.136375885231526439e+00,1.865174681370262988e-14,4.011716569274045519e+00,2.359203984845876789e+00,3.745876386326891350e+01,1.236096418162884447e+01,-3.286260152890463360e-14,1.950019890830264657e+01
1.646438722537667942e+01,1.054113487402991467e+02,9.370282002105605912e+00,7.016609515630989335e-14,7.233710062231477878e+01,1.346864592801133043e+01,4.883758146756098739e+01,8.803182916738030883e+00,-6.217248937900876626e-14,4.887425288088824260e+01,4.938135177413363053e+00,3.380578190079224044e+01,2.807625441365714902e+00,2.975397705995419528e-14,9.063344850604298841e+00,3.287059298100295734e+01,1.814651594628347766e+02,2.220258431344668537e+01,2.398081733190338127e-14,3.915474422639622389e+02,3.530534156154175918e+01,1.664111619749007787e+02,3.069875969477819044e+00,-3.552713678800500929e-14,7.768023869576569496e+02,-1.653020683226040433e+01,-2.756802750706158989e+01,4.244217353303209705e+01,-2.096101070492295548e-13,1.137434078507663799e+03,4.983548059913660566e+00,2.900612420657921575e+01,1.281515002810069692e-01,-1.909583602355269250e-14,4.893876883635443598e+00,7.302115065003810024e+00,4.322751765283424419e+01,1.642843887137692960e+01,-6.217248937900876626e-14,7.022052155019456166e+01,7.745054150313430341e+01,4.286383584910103082e+02,5.373438227525238631e+01,-2.797762022055394482e-13,1.549255208778804445e+03,-1.002864396247600265e+00,5.436952276707902598e+00,4.448413932042940555e-01,1.243449787580175325e-14,1.856082084865985493e+01,-1.143699518216003685e+00,-7.236685100972132467e+00,-1.464588987240285967e+00,-2.620126338115369435e-14,1.976028287922737903e+01,4.090058968434920672e+00,2.221396403477519854e+01,4.003738429579249747e+00,-6.883382752675970551e-15,4.082665393313704705e+00,1.677118120868190232e+00,1.509036930099670570e+01,3.018459271065625504e+00,3.019806626980425790e-14,1.057256850458123232e+01
5.054579950059196136e+00,-7.152876506907043463e+00,2.400008394511848664e+00,-1.598721155460225418e-14,9.391299368681140436e+01,1.198375974303227665e+01,5.386497891908366142e+01,3.066190333812198077e+00,4.440892098500626162e-14,4.303199951209720098e+01,7.429149957730450282e+00,3.625944678162807122e+01,5.586623610886874758e+00,1.265654248072678456e-14,2.134166328643697597e+01,-4.758236873789096322e+00,-4.285402105892789848e+01,1.350145652412615860e+01,1.634248292248230428e-13,3.882468248020763895e+02,1.508827650254842556e+00,7.102923128342773396e+01,3.267202576402277003e+01,1.421085471520200372e-13,1.276967223418026379e+03,9.543192307472845926e+01,4.896007847021729731e+02,-6.463133747010802566e+00,5.542233338928781450e-13,2.115487814007066390e+03,5.815418010132415105e+00,3.536083832620432332e+01,3.902299400881370950e+00,4.618527782440651208e-14,1.238439435075350126e+01,1.540625798425077875e+01,8.060003325585498146e+01,9.902356982462759305e+00,1.278976924368180335e-13,5.316426419895918087e+01,-6.572202201362816965e+00,-1.381841622822611839e+02,3.664831086608663213e+01,-2.557953848736360669e-13,2.236869825810934799e+03,8.416858413142810136e+00,5.057076224903480011e+01,8.596046137228276152e+00,1.199040866595169064e-14,2.120068179943784159e+01,8.017492194614206369e+00,5.245876756000946983e+01,4.182234789555749899e+00,2.842170943040400743e-14,2.503947928842321602e+01,5.822868824364457296e+00,2.848123647089078503e+01,2.452193194952147159e+00,1.892930256985891901e-14,3.642343888374446337e+00,2.455343912793624295e+00,1.453926885124937840e+01,1.313106923029307316e+00,-1.820765760385256726e-14,8.184773705076503703e+00
2.578840708702135665e+00,8.096291711382008316e+01,2.206471772721857505e+01,1.776356839400250465e-15,1.642001347485302176e+02,-7.180348519203689328e+00,-3.246371895441413358e-02,8.678791946935961121e+00,-5.416500581389982472e-14,1.543530966471569741e+02,9.684708827462815250e+00,6.324748930612830122e+01,3.336835315442082894e+00,-4.263256414560601115e-14,2.455805784897756183e+01,2.660652867704641267e+00,5.117178606299803789e+01,4.653203208444833194e+01,5.933031843596836552e-13,8.025873725526605540e+02,6.193472392419275252e+01,3.583525577287087458e+02,7.360120186212090232e+01,-4.831690603168681264e-13,3.254259221550956227e+03,-4.856499848718824808e+01,-2.836034081696565750e+02,-7.104217126956461925e+01,2.913225216616410762e-13,5.428755977585061373e+03,3.385158978793173290e+00,1.958257296666960201e+01,4.444498365581106114e+00,-1.065814103640150279e-14,7.246190886802461151e+00,-1.173387319944598772e-01,1.752715129555159024e+01,6.562730948096606731e+00,-3.019806626980425790e-14,6.466424641316282873e+01,8.480883301851006806e+00,2.207453422268504255e+02,8.338356595116934500e+01,-7.887024366937112063e-13,2.572229713692223868e+03,9.519334629242097723e-01,-2.125486710446445215e+01,4.055218800862936845e+00,-1.509903313490212895e-14,4.605479906127160916e+01,5.122259879239769553e+00,3.049826402100519473e+01,4.251121044671159588e+00,-2.220446049250313081e-15,1.132363679247935018e+01,-1.587932203048308510e+00,1.147979531870892522e+01,1.229201419193656442e+01,-8.881784197001252323e-16,2.268459858759823078e+01,1.875947475667205655e-01,2.055689810910894977e+01,2.377901677774591604e+00,-5.595524044110788964e-14,1.692123828989528178e+01
1.681353571070497566e+01,9.553506231766624524e+01,1.062289092708091154e+01,8.881784197001252323e-15,9.686578557663187894e+01,5.945410971598309224e+00,6.184118806596069362e+01,5.463709250532219563e+00,-1.243449787580175325e-14,4.749267171240958874e+01,2.329785286861741245e+00,3.201001110138417971e+01,5.104505009692163142e+00,4.440892098500626162e-14,1.467418476070732503e+01,2.833750159490680787e+01,1.573168501600626428e+02,7.547158478930241721e+00,-2.495781359357351903e-13,4.604260885963130931e+02,4.077840810067119293e+01,8.790900734806355388e+01,-8.166751520659046193e+00,-2.700062395888380706e-13,9.869446343599533975e+02,-6.639884558522890501e+00,1.521298739130167803e+02,8.798132081044101938e+01,-7.105427357601001859e-14,2.096620619914921917e+03,2.911560642438421276e+00,2.309741305700581648e+01,5.292579563351690553e+00,8.881784197001252323e-16,1.228357091518829058e+01,6.794160677562520512e+00,6.155127929426455324e+01,1.154193628173625541e+01,1.598721155460225418e-14,4.108644415378244474e+01,4.106309604428189886e+01,2.090978001703380755e+02,3.177456377542042532e+01,4.973799150320701301e-14,9.615180794100770072e+02,1.262027787853018612e+00,-3.957934138207108710e+00,8.957704225855264824e+00,-4.440892098500626162e-14,3.220727713788658519e+01,4.733647705728436073e+00,2.273751600393829264e+01,6.877353880245059337e+00,1.065814103640150279e-14,1.756036124867256731e+01,1.594404229931471351e+00,1.584743812667572627e+01,1.692534643155435115e+00,1.354472090042690979e-14,6.697148399147431874e+00,9.515022080386820846e+00,7.119383911718067282e+01,4.346432776731772307e+00,-8.437694987151189707e-15,1.951265199059674060e+01
-1.182297900837331994e+00,-1.091174521054589519e+01,3.353633726602163190e+00,2.131628207280300558e-14,7.516808563382262776e+01,1.262098995920345068e+01,5.869526638651940686e+01,3.581083970255896975e+00,4.618527782440651208e-14,3.516114346361175080e+01,2.676042488164405153e+00,9.344803289108131850e+00,7.546867810321785441e+00,-8.659739592076221015e-15,8.512529282754522697e+00,3.928152872624597336e+00,6.056051153832218148e+00,-1.304770895954555243e+01,3.552713678800500929e-14,3.328737152760079425e+02,-2.698444862667119182e+01,-2.296990448874941819e+02,-2.115549437107130615e+01,4.103384299014578573e-13,1.210699549776862796e+03,8.414391412039852014e+01,4.454845170785925461e+02,4.627994022288604725e+01,-7.105427357601001859e-15,1.858785986966506698e+03,6.116191353068565206e+00,2.616528847283893100e+01,7.201682310279423405e+00,1.421085471520200372e-14,1.734778627198926415e+01,1.149883799593001399e+01,6.334238481281121835e+01,1.385952640072108011e+01,2.575717417130363174e-14,4.459568951874219067e+01,1.052644406186243664e+00,-4.152218680072385126e+01,-1.264746499623252696e+01,7.105427357601001859e-14,8.664198193594296526e+02,1.085042587364307387e+01,3.713186553117826350e+01,9.544607232921233475e+00,-2.309263891220325604e-14,3.003354416884050337e+01,8.281149281343981983e+00,4.476276777062855672e+01,4.646874284960754053e+00,0.000000000000000000e+00,2.108518144439173270e+01,1.477685487933195763e+00,1.132596477349132513e+01,2.295091147039333812e+00,-9.769962616701377556e-15,2.548723092024342218e+00,6.342052531493001410e+00,3.232050913927034230e+01,3.676659282275903884e+00,0.000000000000000000e+00,1.087317192085070694e+01
6.772260670354517842e+00,5.119445684545218711e+01,5.217783724126001665e-01,-1.865174681370262988e-14,1.243807896289695769e+01,4.469071240780580467e+01,2.627181825007711495e+02,3.012046091483490784e+01,5.222489107836736366e-13,1.524045360916993104e+03,7.895628874001786812e+00,4.877777667458341426e+01,2.550178858341328514e+00,-3.019806626980425790e-14,1.065894276120020123e+01,2.318196159394282319e+01,1.129610131667447348e+02,-1.478689351690542608e+00,-2.877698079828405753e-13,1.294070196733275964e+02,-3.125875329808165759e+01,-2.448727263088950394e+02,-5.498977100065609136e+00,1.421085471520200372e-13,1.152097173353804919e+03,7.135192601431903370e+01,4.069494605194075803e+02,6.552816980181576412e+01,-1.406874616804998368e-12,2.664164876185808225e+03,4.514686555329675777e+00,2.393159936318023640e+01,3.486376402958743626e+00,1.368349877850505436e-14,4.764670860284057063e+00,6.983675301402389124e+00,4.298464695670155322e+01,8.420280314296476831e+00,-1.101341240428155288e-13,6.008687854298479181e+01,2.555950125860283606e+01,1.209266615958763538e+02,2.902240563265305440e+01,1.669775429036235437e-13,5.773935979809618857e+02,1.308939936534507709e+01,7.351312399604005066e+01,1.333085274488267302e+01,-2.459143999544721737e-14,3.031105233393360621e+01,8.562942961275238574e+00,3.559967588189127241e+01,8.063877895795693362e+00,-1.776356839400250465e-14,1.262274663072952663e+01,9.418247311396537924e+00,3.535851901913310513e+01,6.638061547065581713e+00,7.771561172376095783e-15,1.705865776812752443e+01,7.626769937418965917e+00,3.429251789127240357e+01,1.322146856701077233e+00,-6.106226635438360972e-16,1.375891084228530126e+01
2.073715750635775734e+00,1.080895394712088375e+01,5.654835159259650190e+00,8.881784197001252323e-16,2.523374286954554790e+01,-4.917734582766595963e+01,-2.249264680120667208e+02,-1.077355493535318089e+02,-1.563194018672220409e-13,1.045833874363417453e+04,1.690552293237689963e+00,1.747329643785441178e+01,3.976539517013499392e+00,-1.387778780781445676e-14,6.858540811719279873e+00,-4.527087311835729366e+01,-1.831222465533450361e+02,-3.156983755821316606e+01,-5.826450433232821524e-13,2.675930776976553261e+03,-1.788149186521366119e-01,-5.178545604355834087e+01,-1.650589873681022368e+01,-4.938272013532696292e-13,5.768564225202173930e+02,-5.483623196077243023e+00,-5.417191123868759206e+01,-6.618647244060795742e+01,2.735589532676385716e-13,3.247705968262109764e+03,6.587927052334267231e+00,3.367281028665631482e+01,4.767599181758559901e+00,2.842170943040400743e-14,7.196405820201810855e+00,3.441395491775147697e+00,4.945953732205371267e+00,-4.423417682332271283e-01,-1.598721155460225418e-14,6.541488039810063526e+01,-3.820536207324205691e+01,-1.308484619307735670e+02,-6.289707956326252258e+01,-5.364597654988756403e-13,4.969063382799236933e+03,5.801008190072431070e+00,5.121931614392943288e+01,5.959967069389956684e+00,-5.334621633323877177e-14,1.896176215548694799e+01,5.742695597114424899e+00,3.252181268466978281e+01,2.067103481617023064e+00,7.827072323607353610e-15,6.920981075189129861e+00,1.676409296503027591e+01,7.411784061724299022e+01,1.319292979941202093e+00,-4.085620730620576069e-14,5.207263934210465095e+01,2.604616662604601451e+00,1.692004800540204457e+01,5.706257152548341871e+00,8.881784197001252323e-16,6.943402327020725906e+00
1.259664220416692615e+01,6.347014555623685084e+01,-6.231999639315537465e-01,-3.197442310920450836e-14,2.684592364109087015e+01,7.509153396145561210e+00,9.924972210927796823e+01,2.790035654744323068e+01,-1.953992523340275511e-13,1.721418426397906103e+02,6.528613735260484496e+00,4.200849450394709805e+01,5.628680422454350740e+00,2.842170943040400743e-14,1.147764297284189361e+01,8.279422515877666200e+00,6.800738061920981181e+01,1.173989041433798874e+01,0.000000000000000000e+00,6.519730232599799535e+01,-1.483245827075531054e+01,-8.554286329662137689e+01,2.166501174957986464e+01,-1.065814103640150279e-14,4.420509863073056067e+02,3.231838035234766693e+01,2.315823915072843420e+02,2.950757958543686499e+01,3.126388037344440818e-13,9.899301477012364785e+02,4.806575441842745100e+00,3.282404573212715349e+01,1.484912034297400041e+00,1.554312234475219157e-14,5.218906023651519455e+00,1.051895465468790647e+01,7.143264687183437900e+01,9.687156671061146085e+00,9.536815781530094682e-14,3.275959616761893045e+01,1.483986188761921099e+01,1.039761820907119869e+02,6.805132296200078201e+00,1.803002191991254222e-13,8.058167767216288269e+01,1.381071373834764415e+01,5.575534768940789121e+01,1.414892221179210097e+01,3.108624468950438313e-15,2.358162333640552077e+01,5.665201474194595299e+00,3.665594822953346466e+01,2.064289806394019600e+00,2.678413046908190154e-14,7.328873627812326319e+00,4.008397672147935076e+00,6.211174030524326817e+00,-5.007276879321711505e-01,6.827871601444712724e-15,1.076440348547239090e+01,5.768670814253460399e+00,2.410310065112815181e+01,-8.154290000772871361e-01,-2.886579864025407005e-15,8.697862967371396081e+00
5.353625194021630840e+00,1.408078186800332610e+01,3.854646807067463321e-02,1.776356839400250465e-14,1.186745810949031643e+01,-4.730281870431300995e+00,-1.251717583433820558e+01,7.391512985983962558e+00,-8.171241461241152138e-14,5.110365608409345128e+01,5.534227030287087956e+00,3.291461454540738885e+01,1.486063266468375943e+00,5.773159728050814010e-15,7.231195509862575754e+00,5.839363511055863931e+00,7.218046054138747536e+01,-9.493370875121971864e+00,-2.486899575160350651e-13,3.197006890122394793e+02,-4.423253160088501801e+01,-2.122426291776479559e+02,-4.436103183693986551e+01,5.826450433232821524e-13,2.634932488720076890e+03,2.889257924785908571e+01,1.996648522363598204e+02,3.907862103667221731e+01,-3.552713678800500929e-13,1.001199823859207527e+03,4.282780896908301216e+00,2.853644577312271480e+01,3.827277786038313145e+00,-1.132427485117659671e-14,9.636364793571939202e+00,3.849689984268924725e+00,2.918390072232193688e+01,2.985941853233495813e+00,0.000000000000000000e+00,2.684538527374883188e+01,-4.601941848117981237e+00,2.202034284161761590e+01,-7.158340575712543341e+00,-1.776356839400250465e-13,2.745507151942761652e+02,2.015111907390728430e+00,3.288810496710265596e+01,5.196183964694725432e+00,3.508304757815494668e-14,2.169329872080381350e+01,6.106571750901027329e+00,3.546705966475033733e+01,3.384971340353252423e+00,3.463895836830488406e-14,9.519283156293511183e+00,1.069509307095624351e+01,5.485746832635616244e+01,6.774885050658252972e+00,-7.815970093361102045e-14,2.987530070562367257e+01,6.995886631271820200e+00,3.145064103261393740e+01,1.498770155333126519e+00,-2.664535259100375697e-15,7.748312585042466338e+00
8.577161162997734678e+00,6.401485280791341381e+01,8.760976213880429242e+00,-3.541611448554249364e-14,1.895539969112586576e+01,2.413143912784363465e+00,7.126702005433810427e+01,2.948597755693828049e+01,7.815970093361102045e-14,2.561436677429216502e+02,6.809435875721504772e+00,4.319879864084941090e+01,5.209805892754363121e+00,-3.996802888650563546e-14,1.452754417772170292e+01,2.836111789763351965e+01,1.765277769125828797e+02,1.386483048556402942e+01,-8.881784197001252323e-15,2.284710786154093967e+02,6.341774210099949016e+01,3.061994768607744390e+02,-2.600420833211341076e+01,2.202682480856310576e-13,1.893049127937564435e+03,-1.084964651145412340e+01,1.528064237741476816e+01,5.352216444437253529e+01,-2.486899575160350651e-13,1.669082549871946867e+03,1.174091588595518987e+00,8.929534927096046459e+00,9.211040149696145818e-01,-8.881784197001252323e-16,5.626377422386044991e+00,-7.316599704140658300e-01,1.132519053566229772e+01,4.010585495000673184e+00,-5.151434834260726348e-14,7.610111733849986138e+01,1.092705924058397216e+01,8.500645510706773678e+01,1.149796766694390371e+01,2.664535259100375697e-14,1.300929516426307941e+02,3.380489089478271314e+00,3.862873734225586730e+01,2.436060414410541330e+00,-4.574118861455644947e-14,1.328551236251468382e+01,5.176052768167259011e+00,1.394947888782794898e+01,1.235429581659919229e+00,2.264854970235319342e-14,1.146855309188006800e+01,3.302642119386808073e+00,1.215461595276597606e+01,3.662034074143796225e-01,4.352074256530613638e-14,9.781312412685538860e+00,3.647996986634088668e+00,4.183578109563408987e+01,5.166932637585635035e+00,-4.662936703425657470e-15,8.678970414296308888e+00
3.206970992613470628e+01,1.333259725141090826e+02,5.043565980719149522e+00,1.030286966852145270e-13,1.423661131401086379e+02,5.309659048447841201e+01,1.762414055752220179e+02,8.894240470951196187e+00,3.979039320256561041e-13,8.265651471963711856e+02,4.443583774671260755e+00,2.347540126705830232e+01,3.781660738997169258e+00,-1.154631945610162802e-14,9.629874637527171544e+00,2.360523291756785724e+01,1.405948977276275116e+02,3.231103393010248226e+01,4.618527782440651208e-14,1.208641247662885462e+03,6.033014110367115990e+01,2.233835478783085193e+02,-2.007079599002947390e+01,1.421085471520200372e-13,1.816091171253231778e+03,4.433870524013275372e+02,2.376566613841968774e+03,3.129633278157162408e+02,-2.415845301584340632e-12,8.777972520021743549e+04,1.348928711241022649e+00,2.580506586482296072e+01,3.421867781968197075e+00,-5.440092820663267048e-15,4.657623517686062975e+00,-1.667243490876742840e+00,-1.101667510183307996e+01,8.419183063681593415e-01,-1.776356839400250465e-14,1.124476676567374085e+02,1.849273002515507969e+01,2.592389215903270028e+01,-1.669398514531489042e+01,3.339550858072470874e-13,7.524086672197721555e+02,2.944120939697015604e+00,2.659618239560973763e+01,8.641879201835745761e+00,-8.881784197001252323e-15,2.118173651526830170e+01,1.704776567629064488e+00,-1.457652517616735199e+00,4.129397864640693250e+00,-1.953992523340275511e-14,2.413418844459076951e+01,3.394747840757465163e+00,2.612702119444533011e+01,5.191372286465270491e+00,1.576516694967722287e-14,9.005347100253318970e+00,1.014254063957989560e+00,-6.799962626580684066e+00,2.328542182924397519e+00,-9.414691248821327463e-14,2.601264823623345634e+01
7.084251658395517737e+00,6.158598511590555802e+01,1.685646803847360431e+01,6.838973831690964289e-14,5.687536622571786893e+01,1.532220713527201497e+02,7.871791007249764789e+02,2.587242215006077828e+01,-8.668621376273222268e-13,5.423525635168867666e+03,5.477172849684131428e+00,2.958641929918939795e+01,3.365879540177382445e+00,2.764455331316639786e-14,1.688848644529274878e+01,1.072119215663261116e+02,6.174328835350506779e+02,4.672955393863908569e+01,4.121147867408581078e-13,3.165958006673727141e+03,2.153705108162127999e+02,1.228939096983742502e+03,1.224833072369165592e+02,3.836930773104541004e-13,1.364872608064166525e+04,1.358279701899828638e+02,5.999342336671371640e+02,-1.056630047714039833e+01,7.460698725481051952e-14,4.386674228189035603e+03,5.412992248443017296e+00,1.560002296107457553e+01,-1.191662042608541361e+00,1.154631945610162802e-14,1.516782799434207263e+01,1.233643178430718557e+01,8.004164337250963968e+01,1.073427582463376950e+01,-3.574918139293004060e-14,6.752283410054586454e+01,8.499443035698475057e+01,4.871912180754353017e+02,3.605722758613613621e+01,1.243449787580175325e-13,2.109007495355527681e+03,5.557809587510243787e+00,8.516300595231374615e+00,4.127550149918894462e+00,-6.217248937900876626e-14,2.556899396628129395e+01,-2.014312918326147894e+00,-1.216019492925213186e+01,2.654242461820893073e+00,-1.092459456231154036e-13,3.461456925956887432e+01,2.061562056440054747e+00,5.178756940461870073e+00,-2.846425018189876255e+00,-3.019806626980425790e-14,1.763805630564813853e+01,3.679841218810818049e+00,2.301075042411207150e+01,-3.169772879419241463e-01,-1.154631945610162802e-14,8.792942192313725869e+00
4.051599684879320762e+00,2.816629852044672688e+01,6.327150041906373090e+00,2.309263891220325604e-14,2.934073840109081743e+01,4.062252025209432560e+01,2.670244380624163227e+02,2.861149042342146487e+01,2.338129689860579674e-13,4.015857545181028172e+02,1.648551483130795692e+00,2.993984799103419903e+01,5.348607857657476039e+00,-6.217248937900876626e-15,1.384973859499160653e+01,4.217466392662341690e+01,2.965918738269292021e+02,4.505411160557537187e+01,-1.207922650792170316e-13,1.238955630061251895e+03,7.604131808292248706e+01,5.357571043718875217e+02,7.451119675679191801e+01,2.451372438372345641e-13,2.929718963939091736e+03,1.225510243194397830e+00,7.274795548655670530e+01,-1.494103267526672596e+01,3.730349362740525976e-14,1.583975184980157110e+03,3.321178445174009841e+00,2.249166743069233831e+01,7.567440476323008092e+00,-4.218847493575594854e-15,7.795336701838959215e+00,7.075909033619968369e+00,3.872518117112799985e+01,2.623535983125535154e+00,-2.930988785010413267e-14,4.385075323997026686e+01,4.124566740352779703e+01,2.401460195007323364e+02,3.863429064531531054e+01,-2.167155344068305567e-13,7.954567814011994642e+02,1.101060203956886774e+01,5.281525606393969241e+01,9.427702812783753217e+00,2.664535259100375697e-15,1.831825256328348317e+01,6.070148668163446892e+00,3.293775403244760014e+01,8.587323605541849147e+00,-1.199040866595169064e-14,1.673288303393053411e+01,6.764357080828026447e+00,3.783437773161231377e+01,1.933743974405305988e+00,8.437694987151189707e-15,8.160869297831643721e+00,7.713254015164708655e+00,3.961193557641868068e+01,4.470733201620210373e+00,3.108624468950438313e-15,8.694498373410050718e+00
5.573647350314497650e+00,2.692425725865998487e+01,6.960758385798225589e+00,2.664535259100375697e-15,2.248671365930971788e+01,1.301272627541511007e+01,1.049815444040630297e+02,1.081127731272816206e+01,-7.283063041541026905e-14,1.140728602255456394e+02,6.855474078420823680e+00,2.666810561927157863e+01,4.323906199112809823e+00,-7.482903185973555082e-14,1.652770884426955078e+01,2.909470494601564639e+01,9.331914270094674180e+01,2.454755343019528624e+01,-1.421085471520200372e-14,1.831168100213407399e+02,3.921341031719491355e+01,1.076660966269984527e+02,4.022267165826006163e+01,2.842170943040400743e-14,8.321312095690010437e+02,3.226122720853157233e+01,2.142000487035212757e+02,3.098833103738440897e+00,-7.105427357601001859e-14,5.644838891313710292e+02,5.453104337321770245e+00,2.267122032567527867e+01,4.564592284231588692e+00,0.000000000000000000e+00,1.436344109245889555e+01,1.614426879164513906e+01,7.615254795800831289e+01,4.616984612540253607e-02,-6.039613253960851580e-14,5.765909032572623261e+01,1.753841917017009422e+01,6.120187132037692379e+01,2.746536351613326588e+01,-1.421085471520200372e-14,1.680239134629258331e+02,1.089813015299491461e+01,6.057822397779606405e+01,1.919156509758939144e-01,-1.421085471520200372e-14,3.832106653827574405e+01,4.712056140353379163e+00,2.911432172947733577e+01,1.120303375867286899e+00,1.776356839400250465e-15,9.948515811858488433e+00,5.944607903906468316e+00,2.216586393482359796e+01,1.680031124010980870e+00,9.103828801926283631e-15,8.706705731152698746e+00,6.926291948328244352e+00,2.519234767622840110e+01,2.391364065514428816e+00,1.665334536937734811e-14,8.937295406099254436e+00
4.997014307184445059e+00,2.660543143598276572e+01,1.067556581309336750e+01,-1.376676550535194110e-13,6.300845417842788265e+01,1.286032352845390525e+00,3.590575159158694873e+01,-1.451325480901306442e+01,2.771116669464390725e-13,4.022245056836009667e+02,3.440748728872843110e+00,1.811093623018394538e+01,4.210234225608765257e+00,1.731947918415244203e-14,1.111452783451146153e+01,1.047494391171285422e+01,-1.614883991503030458e+01,9.241203927631891801e+00,-8.526512829121202230e-14,3.251918408216157559e+02,8.022545945179658133e+01,4.292838438572738369e+02,6.919058760441922118e+01,-9.450218385609332472e-13,5.272044087934195886e+03,-1.868470759833856931e+01,3.194859540581527924e+01,-3.189699792000617862e+01,7.354117315117036924e-13,2.983466539932361684e+03,4.213624349715919593e+00,2.507038938056994937e+01,1.779345228446550964e+00,-6.022959908591474232e-15,3.630118602908261494e+00,-3.638558208291748031e+00,1.762472653527552779e+01,-8.428063213820364830e-01,-1.012523398458142765e-13,6.456308200171028489e+01,1.439964921420407684e+01,6.933922318485839753e+01,1.480755086698033907e+01,-1.572075802869221661e-13,1.927732307457253853e+02,5.046078569960346094e+00,3.101969349340426874e+01,2.798012690334688024e+00,-5.773159728050814010e-15,1.146592988010791991e+01,2.050075364746464679e+00,1.600147588640874119e+01,5.245156296592793588e+00,5.551115123125782702e-15,4.990023974414872221e+00,7.465367105349165477e-01,9.816670437257519310e+00,1.781596622114664408e+00,0.000000000000000000e+00,4.405165755913637682e+00,3.977711062085481641e-01,1.707562920476854629e+01,4.122181038714933798e+00,-7.105427357601001859e-15,7.154441040527848905e+00
